<?xml version="1.0" encoding="UTF-8" standalone="yes"?>
<addon id="repository.barosirepo" name="Eric Repo" version="0.0.1" provider-name="kobarosi">
	<extension point="xbmc.addon.repository" name="Eric Repo">
		<dir>
			<info compressed="false">https://raw.githubusercontent.com/totalrevolution/python-koding/master/zips/addons.xml</info>
			<checksum>https://raw.githubusercontent.com/totalrevolution/python-koding/master/zips/addons.xml.md5</checksum>
			<datadir zip="true">https://raw.githubusercontent.com/totalrevolution/python-koding/master/zips/</datadir>
		</dir>
		<dir>
			<info compressed="false">https://raw.githubusercontent.com/noobsandnerds/modules4all/master/zips/addons.xml</info>
			<checksum>https://raw.githubusercontent.com/noobsandnerds/modules4all/master/zips/addons.xml.md5</checksum>
			<datadir zip="true">https://raw.githubusercontent.com/noobsandnerds/modules4all/master/zips/</datadir>
		</dir>
		<info compressed="false">https://raw.githubusercontent.com/kokobarosi/repository.barosirepo/master/zips/addons.xml</info>
		<checksum>https://raw.githubusercontent.com/kokobarosi/repository.barosirepo/master/zips/addons.xml.md5</checksum>
		<datadir zip="true">https://raw.githubusercontent.com/kokobarosi/repository.barosirepo/master/zips/</datadir>
	</extension>
	<extension point="xbmc.addon.metadata">
		<summary lang="en">Test Repo</summary>
		<description lang="en">Test Repo</description>
		<genre>adult,anime,downloads,kids,movies,music,trailers,tvshows,african,uk,usa</genre>
	</extension>
</addon>